R,VROT_DATA,VROT_DATA_ERROR
.3263765701560796,181,11
.489564855296257,203,10
.6527531405109992,217,7
.8150348242397625,223,8.5
.9782231096774406,224,8.5
1.141411395264111,223,8.5
1.304599681024628,224,8.5
1.4269908954740544,234,10
1.467787966983847,215,10
