R,VROT_DATA,VROT_DATA_ERROR
0.082903139,42,18.75
0.165806279,80,12.75
0.256999732,112,14.25
0.339902872,127,10.5
0.422806011,130,10.5
0.505709151,133,9
0.589533436,136,10.5
