R,VROT_DATA,VROT_DATA_ERROR
.1360144782387715,88,16.5
.2712774952925394,106,11.5
.4072919735938629,116,8
.5433064519579116,125,8
.6785694691984713,126,5
.8145839477501762,123,5
.957361577304429,118,6.5
1.1264403493570303,115,8
1.3300863373887988,122,14
2.470804465334772,121,10
2.687976759805505,118,10
2.8916227531556773,113,11
