R,VROT_DATA,VROT_DATA_ERROR
.8948497004091964,249,8.5
1.3416539897836306,264,7
1.7896994030051492,272,7
2.2365036942899623,271,7
2.6833079869373315,264,7
3.1313534042616684,242,7
3.5781577004564515,244,7
4.026203121885503,241,8.5
4.473007422719564,237,7
