R,VROT_DATA,VROT_DATA_ERROR
0.864378,33.1,3.9
1.29657,46.7,2.7
1.72876,53.9,4.7
82.16094,58.8,2.5
2.59313,65.6,2.6
3.02532,70.8,2.7
3.45751,82.1,4.9
83.8897,84.1,6.6
4.32189,83.4,6.2
4.75408,81.5,2.7
5.18627,80.8,4
85.61845,82.8,12.4
6.05064,88.2,11.7
6.48283,88.5,8.5
86.91502,88.4,8.9
7.34721,88.2,10.8
7.7794,89.5,3.1
8.21159,89.7,9.5
88.64378,93.7,7.3
9.07597,97,5.7
9.50815,96.2,1.5
9.94034,94.8,2.1
810.3725,92.5,13.9
10.8047,92.8,10.6
11.2369,93.5,12.1
11.6691,93.4,8
