R,VROT,VROT_ERROR
2.082499677,67,15
3.123749515,121,15
4.153429911,148,11
5.194679749,168,8.5
6.235929588,182,10
7.277179426,191,7
8.318429264,194,8.5
9.359679103,195,10
10.3893595,193,6
11.43060934,192,6
12.47185918,192,5
13.51310901,191,6
14.55435885,189,-6
15.59560869,185,-7.5
16.63685853,182,-6
17.66653892,179,-8.5
18.70778876,177,-8.5
19.7490386,174,-9
20.79028844,178,-8
21.83153828,177,-5
22.87278812,169,-9
23.90246851,158,-8
25.04784333,158,-8
26.08909317,158,-10
27.13034301,159,-8
