R,VROT,VROT_ERROR
0.75,27,9
1.508333333,53,11.5
2.333333333,69,11.5
3.083333333,84,10.5
3.841666667,96,9
4.591666667,110,8
