R,VROT_DATA,VROT_DATA_ERROR
.23143065883142636,179,15.5
.462861317764722,195,10
.6942919769017563,181,12.5
.9408488232491563,162,26
1.187405670066596,145,14
1.4188363305001723,147,18
1.6427038980487227,150,21
