R,VROT_DATA,VROT_DATA_ERROR
.15882981007237187,145,10
.31678210740612667,174,10
.4756119175515431,194,10
.6344417277702065,191,8.5
.8002916402026476,186,9
.990711910199907,188,8
1.1969274102151841,187,10
1.3952452956287216,179,11
1.5698703366005016,176,17
1.7287001479885777,167,18
1.8471643721240476,148,21
