R,VROT_DATA,VROT_DATA_ERROR
.3036872898778495,102,11
.45553093487459206,125,8.5
.6073745799407159,145,6
.7592182250993481,164,5
.9119054461810614,162,6
1.0637490915949277,160,7
1.2155927371708117,156,6
1.3902129298133938,147,7.5
1.9444422389200569,158,7
2.399973180816002,169,9
2.613397863946127,169,9
2.8335711544822124,167,15
