R,VROT,VROT_ERROR
0.806951613,47,13.5
1.613903226,66,9.5
2.420854839,76,8.5
3.236772581,86,8.5
4.043724194,97,7
4.850675806,99,7
5.657627419,103,7
6.464579032,107,7
7.271530645,111,7
8.078482258,114,8.5
8.885433871,115,8.5
9.701351613,111,8.5
10.50830323,110,8.5
11.39595,111,7
12.20290161,109,7
13.00985323,108,6
13.8975,109,7
14.78514677,111,7
15.67279355,110,6.5
16.56940645,109,6.5
17.53774839,110,7.5
18.50609032,112,10
19.47443226,113,13
