R,VROT_DATA,VROT_DATA_ERROR
.16409488664935656,96,20.5
.32818977332398463,157,16
.49228466004915594,192,10
.6563795468501419,201,9
.8204744337522142,201,10
.985475922366834,195,9
1.1495708095478012,190,9
1.3136656969058087,186,9
1.4777605844661286,184,9
1.6418554722540315,182,10
1.8059503602947904,181,10.5
1.970045248613675,183,10
2.1341401372359585,185,10
2.298235026186912,186,11
2.4623299154918064,186,11
2.6264248051759136,185,14
2.7905196952645057,185,14
