R,VROT,VROT_ERROR
2.263887364,179,15.5
4.527774728,195,10
6.791662092,181,12.5
9.203515951,162,26
11.61536981,145,14
13.87925717,147,18
16.06916129,150,21
