R,VROT,VROT_ERROR
1.283544221,216,10
2.567088446,215,7
3.850632677,215,5
5.134176919,214,4
6.417721174,215,4
7.701265447,221,3
10.26835406,233,3
12.83544277,237,3
15.40253163,242,3
17.96962064,241,3
20.53670985,240,3
23.10379927,234,3
25.67088894,226,3
28.23797888,213,3
30.80506912,207,3
33.37215968,208,4
35.9392506,209,4
38.5063419,207,4
41.0734336,213,6
