R,VROT_DATA,VROT_DATA_ERROR
1.05564,34.6,0.9
1.58346,47,0.8
2.11127,59.1,3.1
2.63909,64.4,1.4
3.16691,67.4,2.3
3.69473,69.8,0.7
4.22255,71.3,1.1
4.75037,73.2,1.7
5.27819,75.1,3
5.80601,78.5,3.8
6.33382,81.4,5
6.86164,83.5,7
7.38946,87.1,7.2
7.91728,90.7,4.8
8.4451,93.1,1.4
8.97292,95.9,2.1
9.50074,98.4,5.2
10.0286,101.5,8.2
10.5564,103.6,9.4
11.0842,104,9.4
11.612,105,8.9
12.1398,105,8.4
12.6676,105.2,9
13.1955,106,8.4
13.7233,108.4,7.7
14.2511,107.8,9
