R,VROT_DATA,VROT_DATA_ERROR
.07374016089722839,24,6
.1474803217972646,50,6
.2212204827029165,74,7
.29496064361699176,101,6
.3687008045422983,107,5
.44162163036000834,115,5
.5153617913159984,123,5
.5891019522916117,130,5
.6628421132896565,134,5
.7365822743129404,136,6
.8103224353642714,137,6
.884062596446457,136,5
.9578027575623054,137,5
1.0315429187146243,137,5
1.1052830799062212,137,5
1.1790232411399046,138,5
1.2519440672929067,137,8
