R,VROT,VROT_ERROR
0.947274194,48,12
1.905073656,99,12
2.852347849,146,12
3.810147312,164,8.5
4.757421505,174,7
5.704695699,175,8.5
6.662495161,184,8.5
7.609769355,185,8.5
8.567568817,188,8.5
9.514843011,190,9.5
10.47264247,191,8.5
11.41991667,191,8.5
12.36719086,189,10
13.32499032,186,11
14.27226452,183,10
15.23006398,179,11
16.17733817,177,10
17.22986505,177,11
18.17713925,178,12
