R,VROT_DATA,VROT_DATA_ERROR
0.285459,6.1,1.6
0.570919,11.2,0.7
0.856378,14.9,1.5
1.14184,19.1,2.2
1.4273,24.3,0.9
1.71276,29.8,1.9
1.99822,34.3,1.6
2.28368,38.2,3.5
2.56913,42.5,5.6
2.85459,42.3,3
3.14005,47.3,4.4
3.42551,49.3,4
3.71097,50.6,3.5
3.99643,53,3.5
4.28189,54.7,3.3
4.56735,55.2,3.1
4.85281,57.5,2.6
5.13827,59.1,2.4
5.42373,61.2,1.9
5.70919,62.7,1.9
5.99465,64.4,2.9
6.28011,66.6,3.2
6.56557,66.3,3.4
6.85103,66.2,3.2
7.13649,67.3,3
