R,VROT_DATA,VROT_DATA_ERROR
.13788101091105212,85,17.5
.2757620218431047,136,15
.4136430328171583,162,11
.5507580382371281,179,8.5
.6886390493576603,182,8.5
.8265200605830781,179,8.5
.9644010719343825,174,7
1.1022820834325735,171,9.5
1.2401630950986513,168,8.5
1.3780441069536165,165,8.5
1.4469846129584951,156,10
1.5220531640043344,171,10
1.694404429426132,174,8
