R,VROT,VROT_ERROR
0.917419355,42,18.75
1.83483871,80,12.75
2.844,112,14.25
3.761419355,127,10.5
4.67883871,130,10.5
5.596258065,133,9
6.523870968,136,10.5
