R,VROT,VROT_ERROR
2.02884375,30,5
4.0576875,78,10
6.08653125,95,8
8.115375,110,7
10.14421875,115,6
12.1730625,113,5
14.20190625,120,5
16.23075,125,3
18.25959375,125,3
20.2884375,130,3
22.31728125,130,3
24.346125,131,3
26.37496875,130,3
28.4038125,131,3
30.43265625,34.3,3.8
32.4615,133,3
34.49034375,132,3
36.5191875,128,3
38.54803125,128,3
40.576875,130,3
42.60571875,132,3
44.6345625,133,3
46.66340625,132,3
48.69225,128,4
50.72109375,128,4
52.7499375,48.8,11.9
54.77878125,130,5
