R,VROT_DATA,VROT_DATA_ERROR
.12362748868511103,54.7,8.3
.24807916064135926,85.4,7
.37170664936591674,93.8,6.2
.49533413812978955,98.7,5.2
.6189616269460539,103,5.2
.7434132990872464,107,5.2
.8653924215280372,109,5.2
.9313270823431435,110,7.4
.9890199105792783,108,7.4
1.1126473997351276,108,7.4
1.178582060665536,108,7.4
