R,VROT_DATA,VROT_DATA_ERROR
2.02884375,30,5
4.0576875,78,10
6.08653125,95,8
8.115375,110,7
10.14421875,115,6
12.1730625,113,5
14.20190625,120,5
16.23075,125,3
18.25959375,125,3
20.2884375,130,3
22.31728125,130,3
24.346125,131,3
26.37496875,130,3
28.4038125,131,3
30.43265625,133,3
32.4615,132,3
34.49034375,128,3
36.5191875,128,3
38.54803125,130,3
40.576875,132,3
42.60571875,133,3
44.6345625,132,3
46.66340625,128,4
48.69225,128,4
50.72109375,130,5
52.7499375,128,6
54.77878125,125,8
