R,VROT_DATA,VROT_DATA_ERROR
.996776928486159,62.5,4
1.9935538577220353,89.1,4
2.990330788457347,92.1,4
3.987107721441811,94.3,5
4.983884657425147,96.3,5
5.980661597157069,100,4
6.977438541387296,100.1,5
