R,VROT_DATA,VROT_DATA_ERROR
.21768134281988716,1,4
.6530440285005933,72.4,4
1.3060880572774762,125.3,6
1.9591320866069386,140.1,5
2.61217611676527,153,5
3.265220148028761,155.1,5
