R,VROT,VROT_ERROR
1.049467742,23,8.5
2.087274731,28,8.5
3.136742473,37,7
4.186210215,48,7
5.235677957,63,7
6.273484946,71,7
7.322952688,68,7
8.37242043,74,7
