R,VROT_DATA,VROT_DATA_ERROR
.2719804751045806,.3,1
1.3599023757786133,1.4,4.7
2.4478242774754846,2.4,7.7
3.182171562111564,3.2,9.6
3.943716895481882,3.9,11.5
4.623668087210832,4.6,13
6.2555509532831906,6.3,16.4
7.506661157629207,7.5,18.6
9.002553803168075,9,20.9
10.879219140476575,10.9,23.4
21.758439099224724,21.8,37
