R,VROT,VROT_ERROR
3.95385,62.5,4
7.90769,89.1,4
11.8615,92.1,4
15.8154,94.3,5
19.7692,96.3,5
23.7231,100,4
27.6769,100.1,5
