R,VROT_DATA,VROT_DATA_ERROR
1.0491368060525526,50.34,5
1.8359894110666595,74.2,5
2.6228420168575366,84.78,5
3.6719788263624005,90.12,5
4.458831435260357,94.65,5
5.245684046044755,97.01,5
6.032536659048496,100.1,5
6.81938927460448,101.5,4
7.6062418930456115,100.65,5
8.393094514704789,100.78,5
9.179947139914916,100.14,5
