R,VROT_DATA,VROT_DATA_ERROR
.06937683776721489,31,9
.13952452929009462,55,8
.2089013670653081,61,5
.27827820484847593,64,5
.3476550426422398,67,6.5
.4178027342027367,70,5
.4871795720258091,74,5
.5565564098674317,78,6.5
.6259332477302465,81,6.5
.696080939371335,81,5
.7654577772847679,81,5
.8348346152273475,82,6.5
.9119199907564997,83,6.5
.9882345125725757,85,8
1.0645490344341833,84,8
1.140863556344838,83,9.5
1.2248866158831584,80,11
