R,VROT_DATA,VROT_DATA_ERROR
.1762782544559021,57,10
.2644173816922434,87,7
.35255650893865287,92,8.5
.44069563619848673,94,7
.5288347634751012,98,6
.6169738907718518,100,6
.7051130180920954,102,5
.7922728218018379,107,6
.880411949178781,108,6
.9685510765892474,111,6
1.0566902040365935,113,6
1.1448293315241755,111,7
1.2329684590553498,108,7
1.2770380228383322,102,10
1.3211075866334716,109,7
1.4092467142618978,108,10
1.4973858419439834,108,10
1.585524969683086,109,12
